dealer_id,name,website,street,street2,zip,city,province,country,phone,email,fax,mobile,latitude,longitude,distance_m,rank,retailer_types,premium_partner,expert,premium_flagship,delivery_types,payment_methods,open_now,closes_at,benefits,badges,shop_hours,service_hours,found_via_query
C160326,KRAB,http://www.krab-sklep.pl,ZAJĘCZA 4,,57-300,KŁODZKO,,PL,+48 74 86 72 268,klodzko@ctkrab.eu,,,50.445753,16.631358,248203,,regular_dealer,False,False,False,,,False,,,regular-dealer,,,"49.00000,14.00000"
C094023,SAMAR,,Józefa Cygana 4,,45-131,OPOLE,,PL,774428850,biuro@samar.opole.pl,,,50.691298,17.915991,248818,,regular_dealer,False,True,False,,,False,,,expert-powertools; regular-dealer,,,"49.00000,15.64310"
C160339,MECHANIKA SILNIKOWA I POJAZDOWA,,DUNIKOWSKIEGO 24,,47-205,KĘDZIERZYN KOŹLE,,PL,774826341,,,,50.338645,18.158664,234335,,regular_dealer,False,True,False,,,False,,,expert-powertools; regular-dealer,,,"49.00000,15.64310"
C160327,KRAB,http://www.krab-sklep.pl,BOLESŁAWA ŚMIAŁEGO 5,,48-300,NYSA,,PL,+48 77 40 90 880,zamowienia@ctkrab.eu,,,50.475079,17.346054,204624,,regular_dealer,False,False,False,,,False,,,regular-dealer,,,"49.00000,15.64310"
C066277,WROŻA-MAZUR KATARZYNA,,NIEMODLIŃSKA 18,,47-364,STRZELECZKI,,PL,,,,,50.470614,17.848021,227676,,regular_dealer,False,False,False,,,False,,,regular-dealer,,,"49.00000,15.64310"
C116612,PREMIUM-TOOLS,,NIEMODLIŃSKA 18,,47-364,STRZELECZKI,,PL,774669772,,,,50.470614,17.848021,227676,,regular_dealer,False,False,False,,,False,,,regular-dealer,,,"49.00000,15.64310"
C160358,Przedsiębiorstwo el12 sp. z o.o.,https://el12.com/pl/,Św. Anny 5,,45-117,Opole,,PL,+48 12 269 12 12,info@el12.pl,,,50.68473,17.913013,248134,,ONLINE_PURE_PLAYER; regular_dealer,False,False,False,,BANK_TRANSFER; MOBILE; PAYMENT_IN_ADVANCE; PAYPAL,False,,,regular-dealer,,,"49.00000,15.64310"
C093548,MICROMAXX,,DOBRAWY 2,,47-232,KĘDZIERZYN KOŹLE,,PL,774821587,,,,50.353863,18.237572,239783,,regular_dealer,False,False,False,,,False,,,regular-dealer,,,"49.00000,15.64310"
C093563,BEST SERWIS ELEKTRON,,SNOPOWA 16,,44-141,GLIWICE-BOJKOW,,PL,322329619,,,,50.252037,18.702087,172562,,regular_dealer,False,True,False,,,False,,,expert-powertools; regular-dealer,,,"49.00000,17.28621"
C248463,POLWELT Sp. z o.o.,,ul. Księdza Karola Szojdy 3,,43-100,TYCHY,,PL,,,,,50.090088,19.008792,173587,,regular_dealer,False,True,False,,,False,,,expert-powertools; regular-dealer,,,"49.00000,17.28621"
C160300,ELTRO,,WRÓBLEWSKIEGO 11A,,40-214,KATOWICE,,PL,323555720,,,,50.26471,19.043484,189172,,regular_dealer,False,True,False,,,False,,,expert-powertools; regular-dealer,,,"49.00000,17.28621"
C066265,SEMEX,,JAGIELLOŃSKA 104,,42-202,CZĘSTOCHOWA,,PL,34 39 06 700,,,,50.789376,19.103553,237743,,regular_dealer,False,True,False,,,False,,,expert-powertools; regular-dealer,,,"49.00000,17.28621"
C160278,CELMAX,,JAGIELLOŃSKA 59/65,,42-200,CZĘSTOCHOWA,,PL,343660770,,,,50.784119,19.127349,238197,,regular_dealer,False,True,False,,,False,,,expert-powertools; regular-dealer,,,"49.00000,17.28621"
C094004,ELEKTROMECH,,PIŁSUDSKIEGO 50,,42-400,ZAWIERCIE,,PL,326711836,,,,50.491336,19.43996,226789,,regular_dealer,False,True,False,,,False,,,expert-powertools; regular-dealer,,,"49.00000,17.28621"
C066236,KUPCZYK Sp. J.,,JANOWA WOLA 6,,30-550,KRAKÓW,,PL,126563232,kupczyk-spj@kupczyk.pl,,,50.047022,19.956731,225159,,regular_dealer,False,True,False,,,False,,,expert-powertools; regular-dealer,,,"49.00000,17.28621"
C160340,MENSURA Sp. z o.o.,https://www.mensura.pl,Warszawaska 9A,,32-086,Węgrzce,,PL,124192978,,,,50.11254,19.965475,229431,,regular_dealer,False,True,False,,,False,,,expert-powertools; regular-dealer,,,"49.00000,17.28621"
C117300,EUROWALDI ELEKTRONARZĘDZIA,,Ogłęczyzna 20A,,31-589,Kraków,,PL,+48 690 245 702,biuro@eurowaldi.pl,,,50.058966,20.024208,229996,,regular_dealer,False,True,False,,,False,,,expert-powertools; regular-dealer,,,"49.00000,17.28621"
C115129,MAZUR S.C.,,WODZISŁAWSKA 79 A,,44-325,MSZANA,,PL,324751896,,,,49.983999,18.508798,140592,,regular_dealer,False,False,False,,,False,,,regular-dealer,,,"49.00000,17.28621"
C160353,PROFI-IMPEX,,BIELSKA 114,,43-300,CIESZYN,,PL,338511152,,,,49.751814,18.665112,130199,,regular_dealer,False,False,False,,,False,,,regular-dealer,,,"49.00000,17.28621"
C066241,MAZUR S.C.,,MAZOWIECKA 2,,44-335,JASTRZĘBIE ZDRÓJ,,PL,324719610,,,,49.947482,18.599332,141768,,regular_dealer,False,False,False,,,False,,,regular-dealer,,,"49.00000,17.28621"
C128586,AURORA TOOLS,,PATRIOTÓW 27C/1,,44-253,RYBNIK,,PL,692377403,,,,50.048196,18.59842,150173,,regular_dealer,False,False,False,,,False,,,regular-dealer,,,"49.00000,17.28621"
C160357,PROTECH,,KOLONOWA 8,,44-207,RYBNIK,,PL,324246544,,,,50.126354,18.549867,154882,,regular_dealer,False,False,False,,,False,,,regular-dealer,,,"49.00000,17.28621"
C160256,A/B/C,,Strażacka 37,,43-382,BIELSKO-BIAŁA,,PL,601776639,,,,49.821226,18.973867,152453,,regular_dealer,False,False,False,,,False,,,regular-dealer,,,"49.00000,17.28621"
C248460,F.H.U. PIOMAT Piotr,,Uzdrowiskowa 5a,,43-230,Goczałkowice Zdrój,,PL,,,,,49.960136,18.965001,161564,,regular_dealer,False,False,False,,,False,,,regular-dealer,,,"49.00000,17.28621"
C160377,TECHMET,,KONSTYTUCJI 3-MAJA 69,,43-160,MIKOŁOW,,PL,322262699,,,,50.164431,18.893675,173750,,regular_dealer,False,False,False,,,False,,,regular-dealer,,,"49.00000,17.28621"
C066274,UNIKOL  SP. Z O.O.,,HAGERA 17,,41-800,ZABRZE,,PL,322784141,,,,50.317111,18.79589,182351,,regular_dealer,False,False,False,,,False,,,regular-dealer,,,"49.00000,17.28621"
C160352,POL-WELT,,JORDANA 73,,43-100,TYCHY,,PL,,,,,50.097363,18.999807,173684,,regular_dealer,False,False,False,,,False,,,regular-dealer,,,"49.00000,17.28621"
C248456,Katoda,,Ptakowicka 1,,41-936,Bytom,,PL,,,,,50.387923,18.812464,189374,,regular_dealer,False,False,False,,,False,,,regular-dealer,,,"49.00000,17.28621"
C131145,TADO,,POKOJU 17,,40-859,KATOWICE,,PL,322584449,,,,50.265528,18.987187,186553,,regular_dealer,False,False,False,,,False,,,regular-dealer,,,"49.00000,17.28621"
C115771,BUDOHIT SP. Z O.O.,,ROŹDZIEŃSKIEGO 188 A,,40-203,KATOWICE,,PL,322091190,,,,50.266645,19.058413,190050,,regular_dealer,False,False,False,,,False,,,regular-dealer,,,"49.00000,17.28621"
C160343,MODERN SERVICE,,OSADA 6 B,,41-403,CHEŁM ŚLĄSKI,,PL,,,,,50.09269,19.187116,183205,,regular_dealer,False,False,False,,,False,,,regular-dealer,,,"49.00000,17.28621"
C093464,EURO SLET HOLMAR,,STANISŁAWA STASZICA 2,,42-503,BĘDZIN,,PL,,,,,50.323545,19.152635,199241,,regular_dealer,False,False,False,,,False,,,regular-dealer,8.|00-1600,8.|00-16.00,"49.00000,17.28621"
C120835,RAS-TECH,,PRACY 23,,43-602,JAWORZNO,,PL,,,,,50.236245,19.280943,198840,,regular_dealer,False,False,False,,,False,,,regular-dealer,,,"49.00000,17.28621"
C160322,HOLMAR,,SZYBOWA 1,,42-280,CZĘSTOCHOWA,,PL,,,,,50.785259,19.018035,234061,,regular_dealer,False,False,False,,,False,,,regular-dealer,,,"49.00000,17.28621"
C160275,Boszka,,Czołgistów 27,,42-204,CZĘSTOCHOWA,,PL,+34 3658408,,,,50.791371,19.100811,237819,,regular_dealer,False,False,False,,,False,,,regular-dealer,,,"49.00000,17.28621"
C160313,FIRMA HANDLOWA BARTEK,,SPÓŁDZIELCZA 6,,32-300,OLKUSZ,,PL,326458018,,,,50.285981,19.55108,216864,,regular_dealer,False,False,False,,,False,,,regular-dealer,,,"49.00000,17.28621"
C115817,BARTEK,,SPÓŁDZIELCZA 6,,32-300,OLKUSZ,,PL,326432883,,,,50.285981,19.55108,216864,,regular_dealer,False,False,False,,,False,,,regular-dealer,,,"49.00000,17.28621"
C093495,SALON TECHNICZNY Sp. z o.o.,,KOSZYKARSKA 27B,,30-717,KRAKÓW,,PL,126561177,krakow@salontechniczny.pl,,,50.049283,19.988145,227227,,regular_dealer,False,False,False,,,False,,,regular-dealer,,,"49.00000,17.28621"
C160351,PILAR-KRAK,,WARSZAWSKA 34,,32-086,WĘGRZCE,,PL,124173303,,,,50.119097,19.967504,229937,,regular_dealer,False,False,False,,,False,,,regular-dealer,,,"49.00000,17.28621"
C119633,MECHANIKA Sp. z o.o.,,JANA PAWŁA II 5,,33-300,NOWY SĄCZ,,PL,184435931,,,,49.602149,20.69777,67566,,regular_dealer,False,False,False,,,False,,,regular-dealer,,,"49.00000,20.57242"
C131152,PUH NEL-TECH Sp.j.,,Zdrojowa 32,,33-300,Nowy Sącz,,PL,+48 18 547 56 99,,,,49.631751,20.700013,70850,,regular_dealer,False,False,False,,,False,,,regular-dealer,,,"49.00000,20.57242"
C093431,SALON TECHNICZNY Sp. z o.o.,,WITOSA 2,,33-300,NOWY SĄCZ,,PL,184490823,,,,49.633662,20.711396,71173,,regular_dealer,False,False,False,,,False,,,regular-dealer,,,"49.00000,20.57242"
C160393,WELNER Sieć Sklepów Technicznych,,Szymbark 544,,38-311,Szymbark,,PL,183513061,,,,49.62247,21.094409,78879,,regular_dealer,False,False,False,,,False,,,regular-dealer,,,"49.00000,20.57242"
C160390,UNIMET Sp. z o.o.,,Józefa Piłsudskiego 53,,38-200,JASŁO,,PL,134927110,,,,49.7553,21.504913,107747,,regular_dealer,False,False,False,,,False,,,regular-dealer,,,"49.00000,20.57242"
C160391,UNIMET Sp. z o.o.,,Podkarpacka 11B,,38-400,KROSNO,,PL,134311306,,,,49.693475,21.730972,113964,,regular_dealer,False,False,False,,,False,,,regular-dealer,,,"49.00000,20.57242"
C160315,Firma WALTER Władysław Chrobak,http://www.walter24.pl,"Pustyny, Księża 83",,38-422,Krościenko Wyżne,,PL,+48 13 43 158 11 609 389 667,,,,49.665631,21.830634,117424,,regular_dealer,False,False,False,,,False,,,regular-dealer,,,"49.00000,20.57242"
C160345,"P.B.""EL-BUD""STASICKI CZESŁAW",,UL .GEN.BEMA 1A,,38-500,SANOK,,PL,134640076,,,,49.57046,22.156636,63572,,regular_dealer,False,True,False,,,False,,,expert-powertools; regular-dealer,,,"49.00000,22.21552"
C250126,El-Bud,,Kolejowa 3,,38-700,Ustrzyki Dolne,,PL,,,,,49.428975,22.599781,55262,,regular_dealer,False,True,False,,,False,,,expert-powertools; regular-dealer,,,"49.00000,22.21552"
C119760,STUDIO ELEKTRYKI,,LIPIEŃSKIEGO 73,,38-500,SANOK,,PL,134642620,,,,49.550429,22.213184,61202,,regular_dealer,False,False,False,,,False,,,regular-dealer,,,"49.00000,22.21552"
C160385,UNIMET Sp. z o.o.,,Krakowska 9,,38-500,Sanok,,PL,+48 13 497 37 87,sanok@unimet.pl,,,49.564385,22.180555,62804,,regular_dealer,False,False,False,,,False,,,regular-dealer,,,"49.00000,22.21552"
C160323,JASTAN Martyna Borowska-Bezkiszczenko,,Mickiewicza 38,,37-700,Przemyśl,,PL,166788885,,,,49.782497,22.788187,96371,,regular_dealer,False,False,False,,,False,,,regular-dealer,,,"49.00000,22.21552"
C160311,INGO GAHNO,,MONIUSZKI 28,,68-200,ŻARY,,PL,604589554,,,,51.640546,15.12787,190920,,regular_dealer,False,True,False,,,False,,,expert-powertools; regular-dealer,,,"50.07797,14.00000"
C160372,SPAWMIX,,MASARSKA 19,,59-700,BOLESŁAWIEC,,PL,757325822,,,,51.263869,15.548698,171156,,regular_dealer,False,True,False,,,False,,,expert-powertools; regular-dealer,,,"50.07797,14.00000"
C160294,ELSA,,TOPOLOWA 25,,58-309,WAŁBRZYCH,,PL,748416560,,,,50.813617,16.275292,180669,,regular_dealer,False,True,False,,,False,,,expert-powertools; regular-dealer,,,"50.07797,14.00000"
C094034,INTERTOOLS S.C.,,Usługowa 11,,64-100,LESZNO,,PL,655204164 695581999,,,,51.822544,16.591977,265661,,regular_dealer,False,True,False,,,False,,,expert-powertools; regular-dealer,6.|30-17.00,6.|30-17.00,"50.07797,14.00000"
C160281,Centrum NARZĘDZI Technik Mariusz Wójcik,,HUTNICZA 1,,59-800,Lubań,,PL,501323147,,,,51.116671,15.294398,147252,,regular_dealer,False,False,False,,,False,,,regular-dealer,,,"50.07797,14.00000"
C115206,TAURUS SP.J.,,BOCZNA 15,,59-800,LUBAŃ,,PL,757215735,,,,51.103947,15.306935,146708,,regular_dealer,False,False,False,,,False,,,regular-dealer,,,"50.07797,14.00000"
C160319,GLOBEX FILIA JELENIA GÓRA,,Grunwaldzka 58,,58-506,Jelenia Góra,,PL,757677409,,,,50.911454,15.736006,153833,,regular_dealer,False,False,False,,,False,,,regular-dealer,,,"50.07797,14.00000"
C160318,GLOBEX,http://jelenia.gora@globex.com.pl,GRUNWALDZKA 58,,58-506,JELENIA GÓRA,,PL,669994100,,,,50.911454,15.736006,153833,,regular_dealer,False,False,False,,,False,,,regular-dealer,,,"50.07797,14.00000"
C066193,ASPO-KORNER SŁOWACZEWSKI PIOTR,,SPADZISTA 11,,67-200,GŁOGÓW,,PL,602617170,,,,51.651749,16.091943,228394,,regular_dealer,False,False,False,,,False,,,regular-dealer,,,"50.07797,14.00000"
C160280,CENTRALA TECHNICZNA ELTECH,,FABRYCZNA 1-3,,58-100,ŚWIDNICA,,PL,748582700,,,,50.854175,16.525799,198495,,regular_dealer,False,False,False,,,False,,,regular-dealer,,,"50.07797,14.00000"
C160376,TECHMAR,,3 MAJA 24/2,,55-200,OŁAWA,,PL,,,,,50.934337,17.304484,95298,,regular_dealer,False,False,False,,,False,,,regular-dealer,,,"50.07797,17.35951"
C160396,Z. H. U. ELEKTRO-DUBAS,http://www.elektro-dubas.com,OPOLSKA 32,,46-300,Łowoszów,,PL,343502080,,,,50.869661,18.369334,113379,,regular_dealer,False,False,False,,,False,,,regular-dealer,,,"50.07797,17.35951"
C120024,ZHU ELEKTRO-DUBAS,,ŁOWOSZÓW UL.OPOLSKA 32,,46-300,OLESNO,,PL,,,,,50.874177,18.410019,115597,,regular_dealer,False,False,False,,,False,,,regular-dealer,,,"50.07797,17.35951"
C248457,ELIMA S.C. BEATA PRO,,UL. NARCYZOWA 17,,42-224,CZĘSTOCHOWA,,PL,,,,,50.851906,19.113167,86212,,regular_dealer,False,True,False,,,False,,,expert-powertools; regular-dealer,,,"50.07797,19.03926"
C248465,SALON TECHNICZNY SPÓ,,UL. ŚW. KINGI 7,,32-020,WIELICZKA,,PL,,,,,49.991171,20.038717,72030,,regular_dealer,False,True,False,,,False,,,expert-powertools; regular-dealer,,,"50.07797,19.03926"
C031764,P.H. ELIMA BEATA PROKOPOWICZ,http://www.elima24.pl,WAŁY DWERNICKIEGO 165,,42-202,CZĘSTOCHOWA,,PL,343680521,,,,50.825935,19.131046,83419,,ONLINE_PURE_PLAYER; regular_dealer,False,False,False,PICKUP; EXPRESS; NORMAL,CASH; CREDITCARD; DEBIT; MOBILE; INVOICE; SOFORT_UEBERWEISUNG,False,,,express; regular-dealer,Poniedziałek - Piątek |08:00 – 16:00,Poniedziałek - Piątek |08:00 – 16:00,"50.07797,19.03926"
C160303,F.H.U. ALMET,,KOPERNIKA 18A,,32-800,BRZESKO,,PL,146635105,,,,49.988977,20.612572,12478,,regular_dealer,False,True,False,,,False,,,expert-powertools; regular-dealer,,,"50.07797,20.71902"
C111142,ELEKTRO-AUTOMATYKA,,Św. Brata Alberta 4a,,32-800,Brzesko,,PL,146862530,,,,49.977004,20.606259,13816,,regular_dealer,False,True,False,,,False,,,expert-powertools; regular-dealer,,,"50.07797,20.71902"
C115184,"WIS J.Wantuch, G.Sipiora Sp.J.",,PRZEMYSŁOWA 27,,33-100,TARNÓW,,PL,146298070,wis@biznespoczta.pl,,,50.000677,20.969222,19827,,regular_dealer,False,True,False,,,False,,,expert-powertools; regular-dealer,,,"50.07797,20.71902"
C115255,FHUP ELEKTRO-AUTOMATYKAII,,UL.BRZESKA 50,,32-700,Bochnia,,PL,,,,,49.976663,20.446696,22478,,regular_dealer,False,True,False,,,False,,,expert-powertools; regular-dealer,,,"50.07797,20.71902"
C031752,"Hurtownia Narzędzi SEGER Zygmunt, Ozga Sp.J.",http://www.seger.pl,Księdza Konarskiego 32a,,39-200,Dębica,,PL,146803950,,,,50.051844,21.401204,48777,,TRADITIONAL_TRADE; regular_dealer,False,True,False,PICKUP; DELIVERY_TO_CONSTRUCTION; EXPRESS; NORMAL,CASH; EC_CARD; CREDITCARD; DEBIT; MOBILE; INVOICE; PAYMENT_IN_ADVANCE,False,,,construction; expert-powertools; express; offline-traditional-trade; regular-dealer,"Poniedziałek - Piątek |07:30 - 16:30, Sobota 08:00 - 12:00","Poniedziałek - Piątek |07:30 - 16:30, Sobota 08:00 - 12:00","50.07797,20.71902"
C066211,CENTRALA TECHNICZNA BZ Sojka s.j.,,AL.. KWIATKOWSKIEGO 3,,39-300,MIELEC,,PL,175862901,ct@centrala-techniczna.pl,,,50.30054,21.45221,57764,,regular_dealer,False,True,False,,,False,,,expert-powertools; regular-dealer,,,"50.07797,20.71902"
C120738,FITMET,,OBR. POKOJU 15,,36-100,KOLBUSZOWA,,PL,172270087,,,,50.242398,21.77131,77154,,regular_dealer,False,True,False,,,False,,,expert-powertools; regular-dealer,,,"50.07797,20.71902"
C160305,F.H.U. ELEKTROMECHANIKA,https://kanto.org/,ul. Polna 5,,27-400,Ostrowiec Świętokrzyski,,PL,660590143,sklep@kanto.org.pl,,,50.942713,21.402209,107602,,regular_dealer,False,True,False,,,False,,,expert-powertools; regular-dealer,,,"50.07797,20.71902"
C094065,UNIMET SP. Z O.O.,,UL. BIZNESOWA 6,,35-213,RZESZÓW,,PL,,,,,50.074852,21.965358,88935,,regular_dealer,False,True,False,,,False,,,expert-powertools; regular-dealer,,,"50.07797,20.71902"
C250127,Centrala Techniczna,,Obrońców Poczty Gdańskiej 32,,35-509,Rzeszów,,PL,,,,,50.062617,21.981013,90079,,regular_dealer,False,True,False,,,False,,,expert-powertools; regular-dealer,,,"50.07797,20.71902"
C093587,SALON TECHNICZNY Sp. z o.o.,,WYSZYŃSKIEGO 12 C,,33-100,TARNÓW,,PL,146293099,,,,50.022874,20.953083,17798,,regular_dealer,False,False,False,,,False,,,regular-dealer,,,"50.07797,20.71902"
C131167,UNIMET Sp. z o.o.,,PRZEMYSŁOWA 2,,39-300,MIELEC,,PL,175830958,,,,50.299369,21.447512,57407,,regular_dealer,False,False,False,,,False,,,regular-dealer,,,"50.07797,20.71902"
C160290,EL-MAK Elektronarzędzia,,Ściegiennego 45a,,25-380,Kielce,,PL,692656897,,,,50.858107,20.625661,86994,,regular_dealer,False,False,False,,,False,,,regular-dealer,,,"50.07797,20.71902"
C093514,ELNAR SP Z O.O.,,CHĘCIŃSKA 36,,25-020,KIELCE,,PL,41 3451336  37,elnar@onet.eu,3413451338,,50.864645,20.61478,87780,,regular_dealer,False,False,False,,,False,,,regular-dealer,,,"50.07797,20.71902"
C160289,ELKOT KIELCE,http://www.elkot.com.pl/,Jesionowa 31B,,25-540,Kielce,,PL,413438097,kielce@elkot.com.pl,,,50.88618,20.632445,90073,,regular_dealer,False,False,False,,,False,,,regular-dealer,,,"50.07797,20.71902"
C115317,FHU P-MASZ KRYSTIAN GAD,,CZĘSTOCHOWSKA 10,,25-647,KIELCE,,PL,413688041,,,,50.889761,20.608915,90598,,regular_dealer,False,False,False,,,False,,,regular-dealer,,,"50.07797,20.71902"
C066247,MISTAMA,http://www.mistama.com,WARSZAWSKA 312 B,,25-414,KIELCE,,PL,66240948,sklep@mistama.com.pl,,,50.900788,20.67017,91554,,regular_dealer,False,False,False,,,False,,,regular-dealer,,,"50.07797,20.71902"
C160316,FITMET Tomasz Fitał,,11 LISTOPADA 11,,36-100,KOLBUSZOWA,,PL,172273305,,,,50.246778,21.779973,77866,,regular_dealer,False,False,False,,,False,,,regular-dealer,,,"50.07797,20.71902"
C160387,UNIMET Sp. z o.o.,,Ks. Łagockiego  1,,39-460,NOWA DĘBA,,PL,156874073,,,,50.422045,21.752364,82832,,regular_dealer,False,False,False,,,False,,,regular-dealer,,,"50.07797,20.71902"
C160386,UNIMET Sp. z o.o.,,WARSZAWSKA  42,,39-400,TARNOBRZEG,,PL,156874070,,,,50.595176,21.70149,90380,,regular_dealer,False,False,False,,,False,,,regular-dealer,,,"50.07797,20.71902"
C139305,TARGET Sp. z o.o.,,Ul.Biznesowa 6,,35-213,Rzeszów,,PL,502 366 494,biuro@salonbosch.pl,,,50.074852,21.965358,88935,,regular_dealer,False,False,False,,,False,,,regular-dealer,,,"50.07797,20.71902"
C093567,CENTRALA TECHNICZNA BZ Sojka s.j.,,Przemysłowa 3,,35-105,RZESZÓW,,PL,177421868,,,,50.024414,21.973104,89732,,regular_dealer,False,False,False,,,False,,,regular-dealer,,,"50.07797,20.71902"
C131176,UNIMET Sp. z o.o.,,Okulickiego 20,,35-222,RZESZÓW,,PL,178635869,,,,50.053325,21.988943,90679,,regular_dealer,False,False,False,,,False,,,regular-dealer,,,"50.07797,20.71902"
C160388,UNIMET Sp. z o.o.,,ORKANA 1,,36-020,TYCZYN,,PL,178635869,,,,49.966828,22.027677,94299,,regular_dealer,False,False,False,,,False,,,regular-dealer,,,"50.07797,20.71902"
C160389,UNIMET Sp. z o.o.,,ENERGETYKÓW 2B,,37-450,STALOWA WOLA,,PL,158441871,,,,50.553727,22.072067,109666,,regular_dealer,False,False,False,,,False,,,regular-dealer,,,"50.07797,20.71902"
C160287,ELEKTRO-METAL Grzegorz Golenia,http://www.elektrometal.net.pl/,JANA KOCHANOWSKIEGO 88,,37-100,ŁAŃCUT,,PL,17 225 63 81,ggolenia@poczta.onet.pl,,,50.091537,22.250692,10671,,regular_dealer,False,True,False,,,False,,,expert-powertools; regular-dealer,,,"50.07797,22.39877"
C160314,Firma ROLNIK H. i Z. Grabarz sp.j.,,MICKIEWICZA 9,,37-300,LEŻAJSK,,PL,172420972,rolnik@rz.onet.pl,,,50.253955,22.421848,19636,,regular_dealer,False,True,False,,,False,,,expert-powertools; regular-dealer,,,"50.07797,22.39877"
C117645,Składnica Części Zam. ROLNIK,,Sobieskiego 17,,37-600,Lubaczów,,PL,+48 16 632 01 43,,,,50.149228,23.134072,53023,,regular_dealer,False,True,False,,,False,,,expert-powertools; regular-dealer,,,"50.07797,22.39877"
C115312,ELEKTROPARTNER ZOFIA GUT,,GIEDLAROWA 531,,37-300,LEŻAJSK,,PL,+48 17 2425172,,,,50.218904,22.386703,15693,,regular_dealer,False,False,False,,,False,,,regular-dealer,,,"50.07797,22.39877"
C248458,Texpol Dystrybucja,,CHAŁUPKI DĘBNIAŃSKIE 246,,37-305,DĘBNO,,PL,,zpawul@texpol.info,,,50.170414,22.519188,13391,,regular_dealer,False,False,False,,,False,,,regular-dealer,,,"50.07797,22.39877"
C160302,F.H.U MIKRON Karolina Borys,,Spółdzielcza 10,,37-500,Jarosław,,PL,48577799499,bok@mikron.com.pl,,,50.008728,22.707488,23350,,regular_dealer,False,False,False,,,False,,,regular-dealer,,,"50.07797,22.39877"
C248461,FHU MARKPOL ANDRZEJ,,MARKOWICZE 19,,23-415,KROTOSZYN,,PL,,,,,50.438869,22.738346,46829,,regular_dealer,False,False,False,,,False,,,regular-dealer,,,"50.07797,22.39877"
C160312,FHU MARKPOL A. Markowicz,,Wiejska 17A,,23-400,Biłgoraj,,PL,+48 84 686 88 62,,,,50.525013,22.71857,54649,,regular_dealer,False,False,False,,,False,,,regular-dealer,,,"50.07797,22.39877"
C160264,AS-MET Sp. zoo Sp. k,https://www.as-met.pl/,al. Niepodległości 7b,,23-204,Kraśnik,,PL,515 115 600,krasnik@as-met.pl,,,50.963258,22.175593,99691,,regular_dealer,False,False,False,,,False,,,regular-dealer,,,"50.07797,22.39877"
C160263,AS-MET Sp. zoo Sp. k,https://www.as-met.pl/,Przemysłowa 2c,,22-400,Zamość,,PL,84 638 19 68,zamosc@as-met.pl,,,50.721355,23.264907,94264,,regular_dealer,False,False,False,,,False,,,regular-dealer,,,"50.07797,22.39877"
C160373,STATOR,,GŁOGOWSKA6,,53-621,WROCŁAW,,PL,713548630,,,,51.116392,17.002389,89667,,regular_dealer,False,True,False,,,False,,,expert-powertools; regular-dealer,,,"51.15595,15.71870"
C093999,SUMAX ELEKTRONARZĘDZIA,,ŁĘCZYCKA 8,,53-632,WROCŁAW,,PL,713591929,,,,51.11941,17.012845,90377,,regular_dealer,False,True,False,,,False,,,expert-powertools; regular-dealer,,,"51.15595,15.71870"
C160284,ELEKTRO SERWIS SP. Z.O.O.,,GEN. WITOLDA URBANOWICZA 22,,54-512,WROCŁAW,,PL,,,,,51.11283,16.908295,83136,,regular_dealer,False,False,False,,,False,,,regular-dealer,,,"51.15595,15.71870"
C160374,STATOR,,Długosza 2-6,,51-162,WROCŁAW,,PL,,,,,51.132503,17.060253,93616,,regular_dealer,False,False,False,,,False,,,regular-dealer,,,"51.15595,15.71870"
C160380,TOMBUD,,ZDUNOWSKA 197,,63-700,KROTOSZYN,,PL,,,,,51.676982,17.415211,57953,,regular_dealer,False,True,False,,,False,,,expert-powertools; regular-dealer,,,"51.15595,17.43740"
C115018,J.K. JĘDRZEJ KUBEL,,KLEMCZAKA 3,,63-700,KROTOSZYN,,PL,505144512,,,,51.703908,17.432376,60928,,regular_dealer,False,True,False,,,False,,,expert-powertools; regular-dealer,,,"51.15595,17.43740"
C160270,BIMEX,,Organizacji Katyń 13,,98-200,Sieradz,,PL,,,,,51.578049,18.711484,100124,,regular_dealer,False,True,False,,,False,,,expert-powertools; regular-dealer,,,"51.15595,17.43740"
C160329,MAGOR MONIKA SZLĘZAK,,WROCŁAWSKA 44A,,56-400,OLEŚNICA,,PL,,,,,51.215364,17.365308,8299,,regular_dealer,False,False,False,,,False,,,regular-dealer,,,"51.15595,17.43740"
C248462,MAGOR SP. Z O.O.,,Dobroszycka 15E,,56-400,OLEŚNICA,,PL,,biuro@magor-olesnica.com.pl,,,51.220543,17.367877,8663,,regular_dealer,False,False,False,,,False,,,regular-dealer,,,"51.15595,17.43740"
C160379,TECHNOTOOLS SPÓŁKA Z O.O. SP.K.,,WROCŁAWSKA 18A,,55-095,DŁUGOŁĘKA,,PL,,,,,51.177132,17.188928,17483,,regular_dealer,False,False,False,,,False,,,regular-dealer,,,"51.15595,17.43740"
C160355,PRONAR NARZĘDZIA I ZABUDOWY,,"GAJKÓW, WROCŁAWSKA 1",,55-002,KAMIENIEC WROCŁAWSKI,,PL,,,,,51.068316,17.186681,20031,,regular_dealer,False,False,False,,,False,,,regular-dealer,,,"51.15595,17.43740"
C160338,MDM Group,,Ignacego Daszyńskiego 22,,63-500,OSTRZESZÓW,,PL,781315566,,,,51.421622,17.927675,45109,,regular_dealer,False,False,False,,,False,,,regular-dealer,,,"51.15595,17.43740"
C160292,ELMET,,WROCŁAWSKA 206,,62-800,KALISZ,,PL,627536933,,,,51.722268,18.014975,74615,,regular_dealer,False,False,False,,,False,,,regular-dealer,,,"51.15595,17.43740"
C119797,Imponar Sp. z o.o.,,KRASICKIEGO 44,,97-500,RADOMSKO,,PL,,,,,51.079347,19.430745,20976,,regular_dealer,False,True,False,,,False,,,expert-powertools; regular-dealer,,,"51.15595,19.15610"
C066218,ELKAR,,BAWEŁANIANA 12A,,97-400,BEŁCHATÓW,,PL,727 777850,,,,51.36874,19.37312,28067,,regular_dealer,False,True,False,,,False,,,expert-powertools; regular-dealer,,,"51.15595,19.15610"
C160381,TOOL SERWIS GRZEGORZ AUGUŚCIK,,WYSZYŃSKIEGO 70,,97-500,RADOMSKO,,PL,517460722,biuro@toolserwis.com,,,51.062535,19.460791,23670,,regular_dealer,False,True,False,,,False,,,expert-powertools; regular-dealer,,,"51.15595,19.15610"
C093481,BIMEX BANACHOWSKI,,LIPOWA 9,,98-220,ZDUŃSKA WOLA,,PL,438233120,,,,51.60035,18.955213,51341,,regular_dealer,False,True,False,,,False,,,expert-powertools; regular-dealer,,,"51.15595,19.15610"
C044253,EPI NARZĘDZIOWNIA,https://tool4you.pl/,ALEKSANDROWSKA 67/93,,91-205,ŁÓDŹ,,PL,,,,,51.799933,19.385157,73340,,ONLINE_PURE_PLAYER; regular_dealer,False,True,False,PICKUP; DELIVERY_TO_CONSTRUCTION; NORMAL,CASH; CREDITCARD; DEBIT; MOBILE; PAYPAL; INVOICE; PAYMENT_IN_ADVANCE,False,,,construction; expert-powertools; regular-dealer,Poniedziałek - Piątek |08:00 - 16:00,Poniedziałek - Piątek |08:00 - 16:00,"51.15595,19.15610"
C094024,ELIMA S.C.,,MOCHNACKIEGO 2,,97-500,RADOMSKO,,PL,446822038,,,,51.085156,19.421775,20143,,regular_dealer,False,False,False,,,False,,,regular-dealer,,,"51.15595,19.15610"
C160394,WINICJUSZ SZULC,,KOLONIA PLUCICE NR 51 A,,97-350,GORZKOWICE,,PL,446818096,,,,51.195965,19.611348,32044,,regular_dealer,False,False,False,,,False,,,regular-dealer,,,"51.15595,19.15610"
C122275,Madaks,,Franklina Roosevelta 14,,97-300,PIOTRKÓW TRYB.,,PL,733701100,,,,51.398272,19.688576,45800,,regular_dealer,False,False,False,,,False,,,regular-dealer,,,"51.15595,19.15610"
C160395,WINICJUSZ SZULC,,M.C.SKŁODOWSKIEJ 8,,97-300,PIOTRKÓW TRYB.,,PL,446486015,,,,51.408826,19.704059,47358,,regular_dealer,False,False,False,,,False,,,regular-dealer,,,"51.15595,19.15610"
C093435,TOP-NAR NARZĘDZIA PROFESJONALNE,,POGONOWSKIEGO 53,,90-619,ŁÓDŹ,,PL,,,,,51.766529,19.443004,70739,,regular_dealer,False,False,False,,,False,,,regular-dealer,,,"51.15595,19.15610"
C066260,ROBO-KOP,http://www.bosch.robo-kop.com.pl,POJEZIERSKA 91 A,,91-341,ŁÓDŹ,,PL,426540929,,,,51.799935,19.423382,73957,,regular_dealer,False,False,False,,,False,,,regular-dealer,,,"51.15595,19.15610"
C160371,SOLAR,,ROKICIŃSKA 162,,92-412,ŁÓDŹ,,PL,426775856,,,,51.755144,19.571403,72571,,regular_dealer,False,False,False,,,False,,,regular-dealer,,,"51.15595,19.15610"
C066251,NARZĘDZIOWNIA - BIS,,ROKICIŃSKA 312,,92-620,ŁÓDŹ,,PL,426717353,,,,51.745099,19.604144,72491,,regular_dealer,False,False,False,,,False,,,regular-dealer,,,"51.15595,19.15610"
C160258,ARKADIA,,Brzezińska 135,,95-040,KOLUSZKI,,PL,502651007,,,,51.754484,19.798918,80078,,regular_dealer,False,False,False,,,False,,,regular-dealer,,,"51.15595,19.15610"
C115274,MIWEX POLSKA S.C.,,SIENNA 20,,96-100,SKIERNIEWICE,,PL,,,,,51.973329,20.15497,114131,,regular_dealer,False,False,False,,,False,,,regular-dealer,,,"51.15595,19.15610"
C160304,F.H.U. ELEKTROMECHANIKA,https://kanto.org/,ul. Kościelna 20,,27-200,Starachowice,,PL,602761865,sklep.st@kanto.org.pl,,,51.042605,21.089492,19584,,regular_dealer,False,False,False,,,False,,,regular-dealer,,,"51.15595,20.87480"
C160378,TECHNOLAND,,LUBELSKA32,,26-600,RADOM,,PL,483652868,,,,51.398852,21.138925,32663,,regular_dealer,False,False,False,,,False,,,regular-dealer,,,"51.15595,20.87480"
C066219,Z.U.H. ELKOT K. KOTK,,UL.25-CZERWCA 71,,26-600,Radom,,PL,483639757,radom@elkot.com.pl,,,51.404014,21.164225,34146,,regular_dealer,False,False,False,,,False,,,regular-dealer,,,"51.15595,20.87480"
C160350,PHU VENDET Piotr Kobza,,ul. Warszawska 172,,26-617,Radom,,PL,483630364,phuvendet@gmail.com,,,51.441079,21.146527,36904,,regular_dealer,False,False,False,,,False,,,regular-dealer,,,"51.15595,20.87480"
C160262,AS-MET Sp. zoo Sp. k,https://www.as-met.pl/,Lubelska 53,,24-100,Puławy,,PL,81 887 72 73,pulawy@as-met.pl,,,51.41462,21.992687,82889,,regular_dealer,False,False,False,,,False,,,regular-dealer,,,"51.15595,20.87480"
C093503,AS-MET Sp. zoo Sp. k,,Energetyków 4,,20-954,Lublin,,PL,81 744 12 01,energetykow.lublin@as-met.pl,,,51.206732,22.556995,6193,,regular_dealer,False,False,False,,,False,,,regular-dealer,,,"51.15595,22.59350"
C160261,AS-MET Sp. zoo Sp. k,https://www.as-met.pl/,A. Grygowej 27,,20-260,Lublin,,PL,81 746 31 50,grygowej.lublin@as-met.pl,,,51.229601,22.620153,8397,,regular_dealer,False,False,False,,,False,,,regular-dealer,,,"51.15595,22.59350"
C160365,REMET S.C.,,ARMIIKRAJOWEJ6,,21-300,RADZYŃ PODL.,,PL,833521156,,,,51.784991,22.620484,69967,,regular_dealer,False,False,False,,,False,,,regular-dealer,,,"51.15595,22.59350"
C160366,REMET S.C.,,STODOLNA 18A,,21-400,ŁUKÓW,,PL,257983543,,,,51.933125,22.376865,87702,,regular_dealer,False,False,False,,,False,,,regular-dealer,,,"51.15595,22.59350"
C066228,GLOBEX Sp.z o.o.,,Słowiańska 57,,66-400,Gorzów Wielkopolski,,PL,957277234,,,,52.739132,15.20428,99014,,regular_dealer,False,True,False,,,False,,,expert-powertools; regular-dealer,,,"52.23392,14.00000"
C093517,"P.H.U. ""RAM-BIT"" ZBI",,UL. JABŁONIOWA 31,,66-415,KŁODAWA,,PL,,biuro@ram-bit.pl,,,52.781155,15.233143,103278,,regular_dealer,False,True,False,,,False,,,expert-powertools; regular-dealer,,,"52.23392,14.00000"
C160266,BESTOOLS,http://www.BESTOOLS.PL,Mickiewicza 29,,66-470,Kostrzyn n/O,,PL,48501125236,,,,52.591617,14.658012,59778,,regular_dealer,False,False,False,,,False,,,regular-dealer,,,"52.23392,14.00000"
C160342,MEZAR,http://www.mezar.pl,KOSTRZYŃSKA 12,,66-400,GORZÓW WLKP.,,PL,95 722 30 42,,,,52.723271,15.193285,97418,,regular_dealer,False,False,False,,,False,,,regular-dealer,,,"52.23392,14.00000"
C160362,RAM-BIT Centrum Narzędzi Prof..,http://ram-bit.pl,Niemcewicza 1A,,66-400,GORZÓW WLKP.,,PL,511 197 031,,,,52.735733,15.207349,98975,,regular_dealer,False,False,False,,,False,,,regular-dealer,,,"52.23392,14.00000"
C160363,RAM-BIT Centrum Narzędzi Profesjonalnych,http://ram-bit.pl,ŚLĄSKA 96,,66-400,GORZÓW WLKP.,,PL,511 197 032,,,,52.724458,15.237107,99965,,regular_dealer,False,False,False,,,False,,,regular-dealer,,,"52.23392,14.00000"
C066225,GLOBEX Sp.z o.o.,,Młyńska 13,,66-400,Gorzów Wielkopolski,,PL,957277239,,,,52.729339,15.23521,100151,,regular_dealer,False,False,False,,,False,,,regular-dealer,,,"52.23392,14.00000"
C160359,PUH TEST Centrum Spawalnictwa,,ŁUKASIŃSKIEGO 21,,66-400,GORZÓW WLKP.,,PL,957814922,,,,52.745256,15.274111,103311,,regular_dealer,False,False,False,,,False,,,regular-dealer,,,"52.23392,14.00000"
C066252,OLWRO,,OŚ. BOREK 10F,,64-510,WRONKI,,PL,672543865,,,,52.711466,16.391012,68155,,regular_dealer,False,True,False,,,False,,,expert-powertools; regular-dealer,,,"52.23392,15.76013"
C160367,RF,,JANA HENRYKA DĄBROWSKIEGO 303,,60-406,POZNAŃ,,PL,618475658,,,,52.429041,16.850886,77223,,regular_dealer,False,True,False,,,False,,,expert-powertools; regular-dealer,,,"52.23392,15.76013"
C066216,ELEKTRON,,HETMAŃSKA 11,,60-254,POZNAŃ,,PL,618662603,,,,52.392566,16.887998,78669,,regular_dealer,False,True,False,,,False,,,expert-powertools; regular-dealer,,,"52.23392,15.76013"
C160293,ELMET S.A. POZNAŃ,,JARYSZKI 7,,62-023,GĄDKI,,PL,,m.balcerzak@elmet.com.pl,,,52.301951,17.045045,87757,,regular_dealer,False,True,False,,,False,,,expert-powertools; regular-dealer,,,"52.23392,15.76013"
C160336,MAŁACHOWSKI I SPÓŁKA,,OFIAR GÓR MORZEWSKICH 16A,,64-800,CHODZIEŻ,,PL,672810900,,,,53.001621,16.918041,115739,,regular_dealer,False,True,False,,,False,,,expert-powertools; regular-dealer,,,"52.23392,15.76013"
C066229,GLOBEX Sp.z o.o.,,Kazimierza Wielkiego 29,,66-300,Międzyrzecz,,PL,957277241,,,,52.447207,15.578233,26741,,regular_dealer,False,False,False,,,False,,,regular-dealer,,,"52.23392,15.76013"
C160364,RASTAR,,OGRODOWA 14,,64-700,CZARNKÓW,,PL,48501092477,,,,52.90055,16.560099,91743,,regular_dealer,False,False,False,,,False,,,regular-dealer,,,"52.23392,15.76013"
C127793,FIRMA MAC,,KOPERNIKA 1,,64-980,TRZCIANKA,,PL,672166210,,,,53.041692,16.464521,101615,,regular_dealer,False,False,False,,,False,,,regular-dealer,,,"52.23392,15.76013"
C160298,ELTECH POZNAŃ,,WĘGLOWA 1/3 LOK. NR 4,,60-122,POZNAŃ,,PL,,,,,52.38141,16.875364,77570,,regular_dealer,False,False,False,,,False,,,regular-dealer,,,"52.23392,15.76013"
C066203,BIGAR,,KORONKARSKA 13,,61-005,POZNAŃ,,PL,616507595,,,,52.417138,16.963402,84268,,regular_dealer,False,False,False,,,False,,,regular-dealer,,,"52.23392,15.76013"
C066227,GLOBEX Sp.z o.o.,http://poznan@globex.com.pl,Św. Michała 43,,61-119,Poznań,,PL,728400544,,,,52.414433,16.964174,84249,,regular_dealer,False,False,False,,,False,,,regular-dealer,,,"52.23392,15.76013"
C160276,C.T.N. ELEKTRO-SERWIS SP.Z O.O.,,ST. ZWIERZCHOWSKIEGO 15,,61-248,POZNAŃ,,PL,61 875 37 12,,,,52.375844,16.970577,83794,,regular_dealer,False,False,False,,,False,,,regular-dealer,,,"52.23392,15.76013"
C066276,W.P.H. ELMET S.A.,https://elmet.com.pl,Jaryszki 7,,62-023,Gądki,,PL,+ 48 61 873 16 54,bok@elmet.com.pl,,,52.334993,17.011158,85831,,regular_dealer,False,False,False,,,False,,,regular-dealer,,,"52.23392,15.76013"
C160392,VALDO GROUP Sp. z o.o.,,MAJAKOWSKIEGO 318,,61-066,POZNAŃ,,PL,616477800,,,,52.393149,17.018728,87364,,regular_dealer,False,False,False,,,False,,,regular-dealer,,,"52.23392,15.76013"
C066224,GLOBEX Sp.z o.o.,,Motylewska 48,,64-920,Piła,,PL,672145500,,,,53.129129,16.75804,120133,,regular_dealer,False,False,False,,,False,,,regular-dealer,,,"52.23392,15.76013"
C160356,PROSSPER,,Juliusza Słowackiego 1,,64-800,Chodzież,,PL,48535164772,,,,52.987938,16.914083,114448,,regular_dealer,False,False,False,,,False,,,regular-dealer,,,"52.23392,15.76013"
C160268,BIMEX,,KOŚCIUSZKI 14,,62-300,WRZEŚNIA,,PL,614366283,,,,52.32034,17.580079,10435,,regular_dealer,False,True,False,,,False,,,expert-powertools; regular-dealer,,,"52.23392,17.52026"
C094108,BAMET,,HARCERSKA 12B,,63-000,ŚRODA WLKP,,PL,612850378,,,,52.224523,17.287399,15893,,regular_dealer,False,True,False,,,False,,,expert-powertools; regular-dealer,,,"52.23392,17.52026"
C160269,BIMEX,,WITKOWSKA 117,,62-200,GNIEZNO,,PL,614254824,,,,52.513441,17.614966,31737,,regular_dealer,False,True,False,,,False,,,expert-powertools; regular-dealer,,,"52.23392,17.52026"
C160259,ART. METAL,,SZARYCH SZEREGÓW 1 a,,62-500,KONIN,,PL,632441077,,,,52.208152,18.257227,50281,,regular_dealer,False,True,False,,,False,,,expert-powertools; regular-dealer,,,"52.23392,17.52026"
C163223,DOMITECH Sp. z o.o.,,ul. Górzyskowo 2a,,85-157,Bydgoszcz,,PL,,,,,53.10652,17.977072,101795,,regular_dealer,False,True,False,,,False,,,expert-powertools; regular-dealer,,,"52.23392,17.52026"
C124305,CBT Polska  Sp. Z O.O.,,TORUŃSKA 280,,85-831,BYDGOSZCZ,,PL,,,,,53.117227,18.071833,105017,,regular_dealer,False,True,False,,,False,,,expert-powertools; regular-dealer,,,"52.23392,17.52026"
C068697,BIMEX,https://www.bimex.pl/,GUTOWO WIELKIE 7,,62-302,GUTOWO WIELKIE,,PL,614362444,,,,52.325617,17.60724,11788,,ONLINE_PURE_PLAYER; regular_dealer,False,False,False,PICKUP; DELIVERY_TO_CONSTRUCTION; EXPRESS; COLLECTION_POINT; NORMAL,CASH; CREDITCARD; MOBILE; INVOICE; BANK_TRANSFER; PAYMENT_IN_ADVANCE,False,,company.b2b; company.b2c,construction; express; regular-dealer,,,"52.23392,17.52026"
C160282,Centrum Techniczne Narzędziowiec,,"Piekary, os. Lazurowe 1",,62-200,Gniezno,,PL,880737677,,,,52.550889,17.554672,35320,,regular_dealer,False,False,False,,,False,,,regular-dealer,,,"52.23392,17.52026"
C160271,BIMEX / PSB MRÓWKA,,Ks. Wróblewskiego 2,,62-100,WĄGROWIEC,,PL,672567981,,,,52.807399,17.230968,66700,,regular_dealer,False,False,False,,,False,,,regular-dealer,,,"52.23392,17.52026"
C160260,ART. METAL,,OGRODOWA 21,,62-571,STARE MISTO,,PL,632406601,,,,52.188263,18.234603,48933,,regular_dealer,False,False,False,,,False,,,regular-dealer,,,"52.23392,17.52026"
C160399,WEKTOR S.C.,https://www.wektorino.pl,Metalowców 17,,88-100,INOWROCŁAW,,PL,668 365 088,wektor@wektorino.pl,,,52.808505,18.25341,80881,,regular_dealer,False,False,False,,,False,,,regular-dealer,,,"52.23392,17.52026"
C160344,OMEGA,,Metalowców 17,,88-100,INOWROCŁAW,,PL,52 351 04 09,wektor@wektorino.pl,,,52.808505,18.25341,80881,,regular_dealer,False,False,False,,,False,,,regular-dealer,,,"52.23392,17.52026"
C160296,ELTECH,,GRUNWALDZKA 109,,85-401,BYDGOSZCZ,,PL,523483310,,,,53.131344,17.971564,104317,,regular_dealer,False,False,False,,,False,,,regular-dealer,,,"52.23392,17.52026"
C160295,ELTECH,,TORUŃSKA 282,,85-831,BYDGOSZCZ,,PL,523483330,,,,53.116634,18.066605,104831,,regular_dealer,False,False,False,,,False,,,regular-dealer,,,"52.23392,17.52026"
C160348,PGN SALON TECHNICZNY,,Karola Szajnochy 4,,85-738,BYDGOSZCZ,,PL,523701530,,,,53.123732,18.061779,105456,,regular_dealer,False,False,False,,,False,,,regular-dealer,,,"52.23392,17.52026"
C160325,KONTAKT S.A.,,CHROBREGO 31A,,87-100,TORUŃ,,PL,566557500,,,,53.013943,18.546551,110996,,regular_dealer,False,False,False,,,False,,,regular-dealer,,,"52.23392,17.52026"
C160400,FLEWER S.C.,http://www.flewer.pl/,MALINOWSKIEGO 1,,87-100,TORUŃ,,PL,566553617,flewer@go2.pl,,,53.028047,18.695555,118688,,regular_dealer,False,False,False,,,False,,,regular-dealer,,,"52.23392,17.52026"
C160384,TYTAN,,Spółdzielcza 7,,99-300,KUTNO,,PL,242540255,,,,52.225362,19.339377,4128,,regular_dealer,False,True,False,,,False,,,expert-powertools; regular-dealer,,,"52.23392,19.28039"
C160382,TYTAN,,KUTNOWSKA 74A,,09-500,GOSTYNIN,,PL,242358422,,,,52.413749,19.45823,23363,,regular_dealer,False,True,False,,,False,,,expert-powertools; regular-dealer,,,"52.23392,19.28039"
C160383,TYTAN,,Rembielińskiego 10,,09-407,PŁOCK,,PL,242647021,,,,52.557988,19.69431,45684,,regular_dealer,False,True,False,,,False,,,expert-powertools; regular-dealer,,,"52.23392,19.28039"
C160324,Karol,,Cegielna 2,,87-600,Lipno,,PL,+54 2872463,,,,52.842293,19.176252,68010,,regular_dealer,False,True,False,,,False,,,expert-powertools; regular-dealer,,,"52.23392,19.28039"
C124438,LEWAKON,,WSPÓLNOTY 2,,05-152,CZĄSTKÓW MAZOWIECKI,,PL,696424582,biuro@lewakon.pl,,,52.391667,20.743433,100984,,regular_dealer,False,True,False,,,False,,,expert-powertools; regular-dealer,,,"52.23392,19.28039"
C160321,Grupa X sp.j.,https://grupax.net.pl/,Chopina 47/1,,09-402,Płock,,PL,24 364 55 77,biuro@grupax.net.pl,,,52.554402,19.708371,45967,,regular_dealer,False,False,False,,,False,,,regular-dealer,,,"52.23392,19.28039"
C122184,PRONAR SP Z O.O.,,BIELSKA 54,,09-400,PŁOCK,,PL,24 2688289,pronar@pronar.net.pl,242688289,,52.559045,19.706267,46278,,regular_dealer,False,False,False,,,False,,,regular-dealer,,,"52.23392,19.28039"
C160307,FACHMAN,,OGRODOWA 13,,87-500,RYPIN,,PL,542807206,,,,53.061789,19.419824,92529,,regular_dealer,False,False,False,,,False,,,regular-dealer,,,"52.23392,19.28039"
C160297,ELTECH CIECHANÓW,,ŻORAWSKIEGO 5,,06-400,CIECHANÓW,,PL,,,,,52.871331,20.59898,113882,,regular_dealer,False,False,False,,,False,,,regular-dealer,,,"52.23392,19.28039"
C160309,FHB Elektronarzędzia,http://fhb-sklep.pl/,Rzymowskiego 30,,02-697,Warszawa,,PL,226470206,elektronarzedzia@fhb.pl,,,52.174613,21.003042,7071,,regular_dealer,False,True,False,,,False,,,expert-powertools; regular-dealer,,,"52.23392,21.04053"
C160317,GEODIAM S.C.,https://geodiam.pl/,Modlińska 286,,03-152,Warszawa,,PL,608808125,biuro@geodiam.pl,,,52.299801,20.991534,8048,,regular_dealer,False,True,False,,,False,,,expert-powertools; regular-dealer,,,"52.23392,21.04053"
C066271,TADO,,Trakt Lubelski 414,,04-667,Warszawa,,PL,324 111 111,sklep@praxer.pl,,,52.227278,21.140554,6851,,regular_dealer,False,True,False,,,False,,,expert-powertools; regular-dealer,,,"52.23392,21.04053"
C160308,FHB Elektronarzędzia,http://fhb-sklep.pl/,Połczyńska 51,,01-336,Warszawa,,PL,226088742,narzedzia@fhb.pl,,,52.218236,20.91012,9051,,regular_dealer,False,True,False,,,False,,,expert-powertools; regular-dealer,,,"52.23392,21.04053"
C160310,FHB Elektronarzędzia,http://fhb-sklep.pl/,Wał Miedzeszyński 200a,,04-886,Warszawa,,PL,226103155,sklep@fhb.pl,,,52.170341,21.156648,10610,,regular_dealer,False,True,False,,,False,,,expert-powertools; regular-dealer,,,"52.23392,21.04053"
C093630,ANKER Magdalena Kłaczyńska,,AL. KRAKOWSKA 101,,05-090,RASZYN,,PL,22424 86 82,biuro@anker24.pl,,,52.161966,20.928103,11077,,regular_dealer,False,True,False,,,False,,,expert-powertools; regular-dealer,,,"52.23392,21.04053"
C248464,FHB ELEKTRONARZĘDZIA,,DOMANIEWSKA 9/11 LOK. 149,,02-663,WARSZAWA,,PL,,,,,52.18277,21.019326,5867,,regular_dealer,False,False,False,,,False,,,regular-dealer,,,"52.23392,21.04053"
C160341,Merigo,https://merigo.pl/,Kokoryczki 3A/U1,,04-191,Warszawa,,PL,510510555,sklep@merigo.pl,,,52.234968,21.122496,5582,,regular_dealer,False,False,False,,,False,,,regular-dealer,,,"52.23392,21.04053"
C160375,TECHDAR SPÓŁKA Z O.O.,,MODLIŃSKA 175 A,,03-186,WARSZAWA,,PL,+48609197788,techdar@techdar.pl,,,52.318541,20.972751,10478,,regular_dealer,False,False,False,,,False,,,regular-dealer,,,"52.23392,21.04053"
C094120,ELWAR S.C,https://www.elwar.info,MODLIŃSKA 284A,,03-152,WARSZAWA,,PL,,,,,52.341527,20.954619,13315,,regular_dealer,False,False,False,,,False,,,regular-dealer,,,"52.23392,21.04053"
C160361,RAD-MAR Łukasz Wysocki,,ul. Graniczna 2,,05-816,Reguły,,PL,737895887,radmarwysocki@gmail.com,227238868,,52.165902,20.857942,14561,,regular_dealer,False,False,False,,,False,,,regular-dealer,,,"52.23392,21.04053"
C160291,"ELMAS, Sowa, Pawlak Sp. j.",https://elmas.com.pl/,LUBELSKA 32,,05-077,WESOŁA ZAKRĘT,,PL,,a.sowa@elmas.com.pl,,,52.216658,21.256038,14803,,regular_dealer,False,False,False,,,False,,,regular-dealer,,,"52.23392,21.04053"
C094245,DA - GROUP SP Z O.O,https://da-group.pl/,SIENKIEWICZA 191 C,,05-082,STARE BABICE,,PL,227229072,biuro@da-group.pl,,,52.263707,20.824748,15057,,regular_dealer,False,False,False,HOME_DELIVERY; DELIVERY_TO_CONSTRUCTION; EXPRESS; NORMAL; COLLECTION_POINT,INVOICE,False,,company.b2b,construction; express; regular-dealer,,,"52.23392,21.04053"
C160320,GRODNO,,MAŁOPOLE 2A,,05-252,DĄBRÓWKA,,PL,,,,,52.472552,21.284238,31272,,regular_dealer,False,False,False,,,False,,,regular-dealer,,,"52.23392,21.04053"
C160257,AGRO-METAL,,Rzekuń Kolonia 17,,07-411,OSTROŁĘKA,,PL,297644752,,,,53.042956,21.652755,98987,,regular_dealer,False,False,False,,,False,,,regular-dealer,,,"52.23392,21.04053"
C121450,MASTER Daniel Grala,,AL. WOJSKA POLSKIEGO 13,,07-401,OSTROŁĘKA,,PL,,,,,53.097045,21.602693,103185,,regular_dealer,False,False,False,,,False,,,regular-dealer,,,"52.23392,21.04053"
C160299,ELTECH SIEDLCE,,BRZESKA 56,,08-110,SIEDLCE,,PL,,,,,52.160797,22.28842,85434,,regular_dealer,False,False,False,,,False,,,regular-dealer,,,"52.23392,21.04053"
C093476,AW-NARZĘDZIA,,MAGAZYNOWA 4,,15-349,BIAŁYSTOK,,PL,857480162,,,,53.105216,23.132362,99426,,regular_dealer,False,True,False,,,False,,,expert-powertools; regular-dealer,,,"52.23392,22.80066"
C160331,MAJSTER  S.J.,,BARANOWICKA 11,,15-554,BIAŁYSTOK,,PL,504 292 560,,,,53.117199,23.117447,100506,,regular_dealer,False,True,False,,,False,,,expert-powertools; regular-dealer,,,"52.23392,22.80066"
C093994,BART,http://www.ebart.pl,SZOSA BARANOWICKA 56,,15-521,BIAŁYSTOK - ZAŚCIANKI,,PL,85 6623 264,sklep@ebart.pl,,,53.125488,23.237156,103407,,ONLINE_PURE_PLAYER; regular_dealer,False,True,False,,,False,,,expert-powertools; regular-dealer,,,"52.23392,22.80066"
C160332,MAJSTER SP. JAWNA W.MIERZEJEWSKI,,BEMA 11,,15-369,Białystok,,PL,857427975,,,,53.12519,23.147869,101826,,regular_dealer,False,False,False,,,False,,,regular-dealer,,,"52.23392,22.80066"
C160306,F.H.U. PIRAMIDA,,Welecka 10 A,,72-006,Mierzyn,,PL,914624229,,,,53.429789,14.466789,33626,,regular_dealer,False,False,False,,,False,,,regular-dealer,,,"53.31189,14.00000"
C160267,BETA POLSKA SP Z .O.O.,,ŁUKASIŃSKIEGO 110,,71-215,SZCZECIN,,PL,913847450,,,,53.440029,14.48012,34888,,regular_dealer,False,False,False,,,False,,,regular-dealer,,,"53.31189,14.00000"
C117311,PAGAT,,Świerczeska 8,,71-066,Szczecin,,PL,914340081,,,,53.424992,14.501538,35570,,regular_dealer,False,False,False,,,False,,,regular-dealer,,,"53.31189,14.00000"
C044744,CENTRUM PNEUMATYKI,http://www.centrumpneumatyki.com.pl/,HEYKI 19/22,,70-642,SZCZECIN,,PL,914315526,,,,53.415449,14.555825,38634,,ONLINE_PURE_PLAYER; regular_dealer,False,False,False,PICKUP; EXPRESS; NORMAL,CREDITCARD; INVOICE; BANK_TRANSFER; PAYMENT_IN_ADVANCE,False,,,express; regular-dealer,poniedziałek - piątek |8.00 - 16.30,,"53.31189,14.00000"
C160360,PUH TEST Centrum Spawalnictwa,,DUBOIS 23,,70-610,SZCZECIN,,PL,,,,,53.437984,14.578784,40872,,regular_dealer,False,False,False,,,False,,,regular-dealer,,,"53.31189,14.00000"
C115628,ZEM-SERWIS,http://zem-serwis.pl/,DUBOIS 23,,70-526,SZCZECIN,,PL,914347988,,,,53.437984,14.578784,40872,,regular_dealer,False,False,False,,,False,,,regular-dealer,,,"53.31189,14.00000"
C160285,ELEKTROFLEX Agata Czerniawska,,Kościelna 52,,71-834,Szczecin,,PL,914648408,,,,53.492,14.611894,45237,,regular_dealer,False,False,False,,,False,,,regular-dealer,,,"53.31189,14.00000"
C066200,BEKAZET,,MACIEJOWICKA 36 BCE,,70-786,SZCZECIN,,PL,914626265,,,,53.37525,14.670569,45067,,regular_dealer,False,False,False,,,False,,,regular-dealer,,,"53.31189,14.00000"
C119121,HYDROELEKTROMET,,MIESZKA I 5 B,,72-400,KAMIEŃ POM.,,PL,913820896,,,,53.965756,14.77125,88715,,regular_dealer,False,False,False,,,False,,,regular-dealer,,,"53.31189,14.00000"
C094091,ZAMET POLSKA,,SPOKOJNA 37,,73-110,STARGARD SZCZECIŃSKI,,PL,915784447,,,,53.330079,15.028434,68334,,regular_dealer,False,False,False,,,False,,,regular-dealer,,,"53.31189,14.00000"
C121439,FIRMA ZAKONEK HELENA,,UL. SZCZECIŃSKA 31A,,75-122,KOSZALIN,,PL,,zakonek@wp.pl,,,54.184593,16.159025,99799,,regular_dealer,False,True,False,,,False,,,expert-powertools; regular-dealer,,,"53.31189,15.80426"
C160349,PHU PASJA Elektronarzędzia,,RÓŻANA 1C,,75-220,KOSZALIN,,PL,+48 662 288 995,p.gajewska@pasja.koszalin.pl,,,54.197648,16.163644,101280,,regular_dealer,False,True,False,,,False,,,expert-powertools; regular-dealer,,,"53.31189,15.80426"
C160398,ZUZIAK,,KORALOWA 1,,78-100,KOŁOBRZEG,,PL,943517644,,,,54.161487,15.531976,96148,,regular_dealer,False,False,False,,,False,,,regular-dealer,,,"53.31189,15.80426"
C160354,PROKMET,https://www.prokmet.com/,MIESZKA I-GO 11,,75-124,KOSZALIN,,PL,602487641,sprzedaz@prokmet.pl,,,54.190643,16.162788,100510,,regular_dealer,False,False,False,,,False,,,regular-dealer,,,"53.31189,15.80426"
C160397,ZAWADKA HENRYK,,SZEROKA 28,,75-814,KOSZALIN,,PL,94 316 09 33,,,,54.183722,16.183347,100091,,regular_dealer,False,False,False,,,False,,,regular-dealer,,,"53.31189,15.80426"
C160337,MAŁACHOWSKI I SPÓŁKA,,KOSSAKA 100,,64-920,PIŁA,,PL,672119800,,,,53.161765,16.768983,66334,,regular_dealer,False,False,False,,,False,,,regular-dealer,,,"53.31189,15.80426"
C160279,CENTRALA TECHNICZNA,,PILSKA 11,,78-400,SZCZECINEK,,PL,943742872,,,,53.684426,16.711504,72913,,regular_dealer,False,False,False,,,False,,,regular-dealer,,,"53.31189,15.80426"
C093507,PROFTOOLS,,Chełmińska 20,,86-100,Świecie,,PL,797 771 574,sklep@proftools.pl,,,53.399935,18.404289,53708,,regular_dealer,False,False,False,,,False,,,regular-dealer,,,"53.31189,17.60853"
C066244,METALEX,,Składowa 3A,,10-421,OLSZTYN,,PL,895345158,,,,53.783437,20.50649,89271,,regular_dealer,False,True,False,,,False,,,expert-powertools; regular-dealer,,,"53.31189,19.41279"
C093544,BART sp. z o.o. sp.k.,,ŚWIETLIŃSKA 3 KAJKOWO,,14-100,OSTRÓDA,,PL,896423480,,,,53.684556,19.973153,55593,,regular_dealer,False,False,False,,,False,,,regular-dealer,,,"53.31189,19.41279"
C160347,PGN OSTRÓDA,,HURTOWA 6,,14-100,OSTRÓDA,,PL,896429700,,,,53.691048,19.982696,56550,,regular_dealer,False,False,False,,,False,,,regular-dealer,,,"53.31189,19.41279"
C066273,TOWO,,PANIEŃSKA  7-8,,82-300,ELBLĄG,,PL,55 235 72 60,sklep@towo.pl,,,54.152717,19.395363,93498,,regular_dealer,False,False,False,,,False,,,regular-dealer,,,"53.31189,19.41279"
C160334,MAJSTER SP. JAWNA W.MIERZEJEWSKI,,KARD.ST.WYSZYŃSKIEGO 11A,,10-457,OLSZTYN,,PL,895344622,,,,53.764582,20.502927,87876,,regular_dealer,False,False,False,,,False,,,regular-dealer,,,"53.31189,19.41279"
C160346,PGN OLSZTYN,,LUBELSKA 29,,10-900,OLSZTYN,,PL,895390539,,,,53.785985,20.511296,89692,,regular_dealer,False,False,False,,,False,,,regular-dealer,,,"53.31189,19.41279"
C117776,Specmajster Serwis Sp. Z o.o.,,Piasecznia 66,,07-420,KADZIDŁO,,PL,795119448,mateusz@specmajster.pl,,,53.226054,21.388701,14878,,regular_dealer,False,False,False,,,False,,,regular-dealer,,,"53.31189,21.21706"
C160328,LOZAR,,UL.Bitwy Białostockiej 26,,15-103,BIAŁYSTOK,,PL,882 835 555,,,,53.146217,23.159089,20577,,regular_dealer,False,False,False,,,False,,,regular-dealer,,,"53.31189,23.02132"
C160333,MAJSTER SP. JAWNA W.MIERZEJEWSKI,,KRASZEWSKIEGO 30,,15-025,BIAŁYSTOK,,PL,857321144,,,,53.139772,23.182167,21929,,regular_dealer,False,False,False,,,False,,,regular-dealer,,,"53.31189,23.02132"
C160330,MAJSTER,https://www.majstersuwalki.pl/,RACZKOWSKA 151,,16-400,SUWAŁKI,,PL,877371586,zamowienia@majstersuwalki.pl,,,54.074459,22.913874,85084,,regular_dealer,False,False,False,,,False,,,regular-dealer,,,"53.31189,23.02132"
C093617,MAJSTER JOANNA BERNAT,,RACZKOWSKA 151,,16-400,SUWAŁKI,,PL,,,,,54.074459,22.913874,85084,,regular_dealer,False,False,False,,,False,,,regular-dealer,,,"53.31189,23.02132"
C093480,CENTRUM NARZĘDZI KNEBLEWSKI,,GROTTGERA 17 D,,76-200,SŁUPSK,,PL,,,,,54.455011,17.007241,75125,,regular_dealer,False,True,False,,,False,,,expert-powertools; regular-dealer,,,"54.38987,15.85134"
C066234,KNEBLEWSKI,,UL GROTTGERA 17 D,,76-200,SŁUPSK,,PL,59 841 79 90,biuro@kneblewski.pl,,,54.454645,17.007282,75124,,regular_dealer,False,False,False,,,False,,,regular-dealer,,,"54.38987,15.85134"
C160273,BOSCH CENTRUM Gdynia,http://www.boschcentrum.pl,Leśna Polana 2,,81-198,DĘBOGÓRZE,,PL,601082229,office@boschcentrum.com.pl,,,54.591158,18.458204,53681,,regular_dealer,False,True,False,,,False,,,expert-powertools; regular-dealer,,,"54.38987,17.70268"
C088878,BOSCH CENTRUM - AGARES,https://www.agaresbosch.com.pl/,ul Orydnacka 3,,83-050,Kowale Bąkowo,,PL,583 441 388,agares@agaresbosch.com.pl,,,54.30397,18.544602,55394,,regular_dealer,False,True,False,,,False,,,expert-powertools; regular-dealer,,,"54.38987,17.70268"
C160369,ROTOR Lębork,http://www.rotor.pl,ABRAHAMA 10,,84-300,LĘBORK,,PL,59 863 14 25,lebork@rotor.pl,,,54.539771,17.770407,17232,,regular_dealer,False,False,False,,,False,,,regular-dealer,,,"54.38987,17.70268"
C160370,ROTOR Wejherowo,http://www.rotor.pl,PRZEMYSŁOWA 3,,84-200,WEJHEROWO,,PL,58 6721349,wejherowo@rotor.pl,,,54.60899,18.221836,41439,,regular_dealer,False,False,False,,,False,,,regular-dealer,,,"54.38987,17.70268"
C093528,ELEKTROMAJSTER,,GDAŃSKA 43,,83-330,ŻUKOWO,,PL,602 312 550,biuro@elektromajster.com.pl,,,54.34182,18.356871,42713,,regular_dealer,False,False,False,,,False,,,regular-dealer,,,"54.38987,17.70268"
C248459,ELEKTROSERWIS,,UL. WESOŁA 6,,81-578,GDYNIA,,PL,,elektroserwiswitek@gmail.com,,,54.467528,18.49931,52244,,regular_dealer,False,False,False,,,False,,,regular-dealer,,,"54.38987,17.70268"
C160368,ROTOR Gdynia,http://www.rotor.pl,PARKOWA 6/1 D,,81-549,GDYNIA,,PL,58 663 04 19,gdynia@rotor.pl,,,54.47147,18.515663,53358,,regular_dealer,False,False,False,,,False,,,regular-dealer,,,"54.38987,17.70268"
C160286,ELEKTROMAJSTER,http://www.elektromajster.com.pl/,PLAC GÓRNOŚLĄSKI 4,,81-509,GDYNIA,,PL,692 491 170,biuro@elektromajster.com.pl,,,54.483926,18.538922,55079,,regular_dealer,False,False,False,,,False,,,regular-dealer,,,"54.38987,17.70268"
C094086,MR MASZYNY S.C.,,JABŁOŃSKIEGO 24 LOK 38,,80-766,GDAŃSK,,PL,,biuro@maszyny.com.pl,,,54.333733,18.624566,60050,,regular_dealer,False,False,False,,,False,,,regular-dealer,,,"54.38987,17.70268"
C093482,ROTOR Pruszcz Gdański,,ROGOZIŃSKIEGO 2/LOKAL S2,,83-000,PRUSZCZ GDAŃSKI,,PL,586910923,pruszcz@rotor.pl,,,54.270676,18.626674,61356,,regular_dealer,False,False,False,,,False,,,regular-dealer,,,"54.38987,17.70268"
C160335,MAJSTER ZUIBP,,WOJSKA POLSKIEGO 6,,19-500,GOŁDAP,,PL,876153460,,,,54.304527,22.301929,58875,,regular_dealer,False,False,False,,,False,,,regular-dealer,,,"54.38987,21.40536"
